<?xml version="1.0" encoding="UTF-8"?>
<!DOCTYPE hibernate-reverse-engineering PUBLIC "-//Hibernate/Hibernate Reverse Engineering DTD 3.0//EN" "http://hibernate.sourceforge.net/hibernate-reverse-engineering-3.0.dtd">
<hibernate-reverse-engineering>
    <schema-selection match-schema="PLMSTG"/>
    <table-filter match-name="HBISUPPLIER"/>
    <table-filter match-name="HBIMATERIAL"/>
    <table-filter match-name="HBIMATERIALSUPPLIER"/>
    <table-filter match-name="HBICOLOR"/>
    <table-filter match-name="HBICOUNTRY"/>
    <table-filter match-name="HBIBUSINESSOBJECT"/>
    <table-filter match-name="HBIMOAOBJECT"/>
    <table-filter match-name="HBIETLTRACKER"/>
</hibernate-reverse-engineering>
