<?xml version="1.0"?>
<!DOCTYPE hibernate-mapping PUBLIC "-//Hibernate/Hibernate Mapping DTD 3.0//EN"
"http://www.hibernate.org/dtd/hibernate-mapping-3.0.dtd">
<!-- Generated Aug 25, 2014 11:23:29 AM by Hibernate Tools 3.6.0 -->
<hibernate-mapping>
    <class name="com.hbi.etl.dao.HbiPurchXref" table="HBIPURCH_XREF" schema="PLMSTG">

 		 <id name="primarykey" type="big_decimal">
            <column name="PRIMARYKEY" precision="22" scale="0" />
            <generator class="native"></generator>
        </id>
        
        <property name="PLM_MAJ_CAT" type="string">
            <column name="PLM_MAJ_CAT" length="30" />
        </property>
        <property name="PLM_MIN_CAT" type="string">
            <column name="PLM_MIN_CAT" length="30" />
        </property>
        <property name="LAWSON_MAJ_CAT" type="string">
            <column name="LAWSON_MAJ_CAT" length="5" />
        </property>
        <property name="LAWSON_MIN_CAT" type="string">
            <column name="LAWSON_MIN_CAT" length="5" />
        </property>
       
    </class>
</hibernate-mapping>
